sample_id,image_path,oil_present,oil_thickness_mm
1,sar_train_0001.png,1,2.74
2,sar_train_0002.png,0,0.0
3,sar_train_0003.png,0,0.0
4,sar_train_0004.png,1,1.51
5,sar_train_0005.png,1,3.32
6,sar_train_0006.png,1,0.89
7,sar_train_0007.png,1,2.01
8,sar_train_0008.png,1,3.45
9,sar_train_0009.png,0,0.0
10,sar_train_0010.png,1,2.72
11,sar_train_0011.png,1,1.69
12,sar_train_0012.png,1,3.16
13,sar_train_0013.png,0,0.0
14,sar_train_0014.png,0,0.0
15,sar_train_0015.png,0,0.0
16,sar_train_0016.png,0,0.0
17,sar_train_0017.png,1,2.73
18,sar_train_0018.png,1,3.51
19,sar_train_0019.png,1,3.3
20,sar_train_0020.png,0,0.0
21,sar_train_0021.png,0,0.0
22,sar_train_0022.png,0,0.0
23,sar_train_0023.png,1,2.87
24,sar_train_0024.png,1,2.46
25,sar_train_0025.png,1,1.25
26,sar_train_0026.png,0,0.0
27,sar_train_0027.png,1,1.69
28,sar_train_0028.png,0,0.0
29,sar_train_0029.png,1,2.22
30,sar_train_0030.png,0,0.0
31,sar_train_0031.png,0,0.0
32,sar_train_0032.png,0,0.0
33,sar_train_0033.png,0,0.0
34,sar_train_0034.png,1,2.84
35,sar_train_0035.png,1,2.55
36,sar_train_0036.png,1,1.78
37,sar_train_0037.png,0,0.0
38,sar_train_0038.png,1,0.82
39,sar_train_0039.png,1,2.49
40,sar_train_0040.png,0,0.0
41,sar_train_0041.png,0,0.0
42,sar_train_0042.png,0,0.0
43,sar_train_0043.png,1,1.77
44,sar_train_0044.png,1,3.3
45,sar_train_0045.png,1,0.88
46,sar_train_0046.png,0,0.0
47,sar_train_0047.png,0,0.0
48,sar_train_0048.png,0,0.0
49,sar_train_0049.png,0,0.0
50,sar_train_0050.png,1,2.79
51,sar_train_0051.png,1,4.0
52,sar_train_0052.png,0,0.0
53,sar_train_0053.png,0,0.0
54,sar_train_0054.png,0,0.0
55,sar_train_0055.png,1,1.39
56,sar_train_0056.png,1,2.4
57,sar_train_0057.png,0,0.0
58,sar_train_0058.png,1,1.11
59,sar_train_0059.png,0,0.0
60,sar_train_0060.png,0,0.0
61,sar_train_0061.png,1,2.93
62,sar_train_0062.png,0,0.0
63,sar_train_0063.png,1,2.67
64,sar_train_0064.png,0,0.0
65,sar_train_0065.png,1,2.19
66,sar_train_0066.png,1,2.57
67,sar_train_0067.png,1,3.85
68,sar_train_0068.png,0,0.0
69,sar_train_0069.png,0,0.0
70,sar_train_0070.png,0,0.0
71,sar_train_0071.png,1,1.47
72,sar_train_0072.png,0,0.0
73,sar_train_0073.png,0,0.0
74,sar_train_0074.png,0,0.0
75,sar_train_0075.png,1,0.88
76,sar_train_0076.png,1,3.73
77,sar_train_0077.png,0,0.0
78,sar_train_0078.png,1,2.76
79,sar_train_0079.png,1,3.83
80,sar_train_0080.png,0,0.0
81,sar_train_0081.png,1,2.83
82,sar_train_0082.png,1,3.55
83,sar_train_0083.png,0,0.0
84,sar_train_0084.png,0,0.0
85,sar_train_0085.png,0,0.0
86,sar_train_0086.png,1,2.26
87,sar_train_0087.png,0,0.0
88,sar_train_0088.png,1,3.35
89,sar_train_0089.png,0,0.0
90,sar_train_0090.png,0,0.0
91,sar_train_0091.png,1,3.9
92,sar_train_0092.png,0,0.0
93,sar_train_0093.png,1,2.75
94,sar_train_0094.png,1,1.41
95,sar_train_0095.png,1,1.71
96,sar_train_0096.png,0,0.0
97,sar_train_0097.png,0,0.0
98,sar_train_0098.png,0,0.0
99,sar_train_0099.png,0,0.0
100,sar_train_0100.png,1,1.48
101,sar_train_0101.png,0,0.0
102,sar_train_0102.png,0,0.0
103,sar_train_0103.png,0,0.0
104,sar_train_0104.png,1,1.64
105,sar_train_0105.png,1,1.84
106,sar_train_0106.png,0,0.0
107,sar_train_0107.png,1,2.69
108,sar_train_0108.png,0,0.0
109,sar_train_0109.png,1,2.8
110,sar_train_0110.png,1,2.25
111,sar_train_0111.png,0,0.0
112,sar_train_0112.png,0,0.0
113,sar_train_0113.png,0,0.0
114,sar_train_0114.png,1,2.89
115,sar_train_0115.png,0,0.0
116,sar_train_0116.png,0,0.0
117,sar_train_0117.png,0,0.0
118,sar_train_0118.png,0,0.0
119,sar_train_0119.png,0,0.0
120,sar_train_0120.png,0,0.0
121,sar_train_0121.png,0,0.0
122,sar_train_0122.png,0,0.0
123,sar_train_0123.png,0,0.0
124,sar_train_0124.png,0,0.0
125,sar_train_0125.png,0,0.0
126,sar_train_0126.png,0,0.0
127,sar_train_0127.png,0,0.0
128,sar_train_0128.png,1,1.08
129,sar_train_0129.png,0,0.0
130,sar_train_0130.png,0,0.0
131,sar_train_0131.png,0,0.0
132,sar_train_0132.png,0,0.0
133,sar_train_0133.png,0,0.0
134,sar_train_0134.png,0,0.0
135,sar_train_0135.png,1,1.1
136,sar_train_0136.png,1,1.38
137,sar_train_0137.png,1,2.56
138,sar_train_0138.png,1,1.53
139,sar_train_0139.png,1,1.76
140,sar_train_0140.png,0,0.0
141,sar_train_0141.png,0,0.0
142,sar_train_0142.png,0,0.0
143,sar_train_0143.png,1,2.16
144,sar_train_0144.png,1,3.56
145,sar_train_0145.png,1,0.85
146,sar_train_0146.png,1,3.01
147,sar_train_0147.png,0,0.0
148,sar_train_0148.png,1,3.07
149,sar_train_0149.png,0,0.0
150,sar_train_0150.png,0,0.0
151,sar_train_0151.png,0,0.0
152,sar_train_0152.png,1,3.52
153,sar_train_0153.png,0,0.0
154,sar_train_0154.png,1,3.97
155,sar_train_0155.png,1,0.87
156,sar_train_0156.png,1,1.32
157,sar_train_0157.png,1,3.81
158,sar_train_0158.png,1,2.36
159,sar_train_0159.png,1,2.72
160,sar_train_0160.png,0,0.0
161,sar_train_0161.png,0,0.0
162,sar_train_0162.png,1,3.05
163,sar_train_0163.png,1,3.11
164,sar_train_0164.png,0,0.0
165,sar_train_0165.png,1,3.97
166,sar_train_0166.png,0,0.0
167,sar_train_0167.png,1,4.19
168,sar_train_0168.png,1,3.25
169,sar_train_0169.png,0,0.0
170,sar_train_0170.png,0,0.0
171,sar_train_0171.png,1,1.78
172,sar_train_0172.png,1,3.79
173,sar_train_0173.png,0,0.0
174,sar_train_0174.png,0,0.0
175,sar_train_0175.png,1,0.97
176,sar_train_0176.png,0,0.0
177,sar_train_0177.png,0,0.0
178,sar_train_0178.png,1,1.59
179,sar_train_0179.png,0,0.0
180,sar_train_0180.png,0,0.0
181,sar_train_0181.png,1,3.85
182,sar_train_0182.png,1,1.67
183,sar_train_0183.png,0,0.0
184,sar_train_0184.png,0,0.0
185,sar_train_0185.png,1,1.55
186,sar_train_0186.png,1,1.27
187,sar_train_0187.png,1,3.72
188,sar_train_0188.png,0,0.0
189,sar_train_0189.png,1,2.5
190,sar_train_0190.png,1,3.09
191,sar_train_0191.png,1,1.61
192,sar_train_0192.png,0,0.0
193,sar_train_0193.png,1,3.38
194,sar_train_0194.png,0,0.0
195,sar_train_0195.png,0,0.0
196,sar_train_0196.png,0,0.0
197,sar_train_0197.png,1,3.38
198,sar_train_0198.png,0,0.0
199,sar_train_0199.png,1,1.86
200,sar_train_0200.png,0,0.0
201,sar_train_0201.png,1,2.2
202,sar_train_0202.png,1,1.51
203,sar_train_0203.png,0,0.0
204,sar_train_0204.png,1,4.12
205,sar_train_0205.png,0,0.0
206,sar_train_0206.png,0,0.0
207,sar_train_0207.png,0,0.0
208,sar_train_0208.png,1,3.0
209,sar_train_0209.png,1,3.98
210,sar_train_0210.png,0,0.0
211,sar_train_0211.png,1,1.83
212,sar_train_0212.png,1,3.46
213,sar_train_0213.png,0,0.0
214,sar_train_0214.png,1,3.4
215,sar_train_0215.png,1,3.15
216,sar_train_0216.png,1,4.08
217,sar_train_0217.png,1,2.14
218,sar_train_0218.png,0,0.0
219,sar_train_0219.png,0,0.0
220,sar_train_0220.png,1,1.24
221,sar_train_0221.png,0,0.0
222,sar_train_0222.png,0,0.0
223,sar_train_0223.png,0,0.0
224,sar_train_0224.png,1,3.08
225,sar_train_0225.png,0,0.0
226,sar_train_0226.png,0,0.0
227,sar_train_0227.png,1,3.28
228,sar_train_0228.png,0,0.0
229,sar_train_0229.png,0,0.0
230,sar_train_0230.png,0,0.0
231,sar_train_0231.png,0,0.0
232,sar_train_0232.png,0,0.0
233,sar_train_0233.png,0,0.0
234,sar_train_0234.png,0,0.0
235,sar_train_0235.png,0,0.0
236,sar_train_0236.png,0,0.0
237,sar_train_0237.png,1,2.76
238,sar_train_0238.png,1,1.5
239,sar_train_0239.png,0,0.0
240,sar_train_0240.png,0,0.0
241,sar_train_0241.png,0,0.0
242,sar_train_0242.png,0,0.0
243,sar_train_0243.png,1,2.52
244,sar_train_0244.png,1,1.86
245,sar_train_0245.png,0,0.0
246,sar_train_0246.png,0,0.0
247,sar_train_0247.png,1,2.25
248,sar_train_0248.png,1,2.99
249,sar_train_0249.png,1,3.33
250,sar_train_0250.png,1,1.59
251,sar_train_0251.png,1,2.18
252,sar_train_0252.png,1,1.72
253,sar_train_0253.png,1,1.48
254,sar_train_0254.png,1,3.46
255,sar_train_0255.png,0,0.0
256,sar_train_0256.png,1,3.89
257,sar_train_0257.png,0,0.0
258,sar_train_0258.png,0,0.0
259,sar_train_0259.png,0,0.0
260,sar_train_0260.png,1,2.06
261,sar_train_0261.png,1,3.35
262,sar_train_0262.png,0,0.0
263,sar_train_0263.png,0,0.0
264,sar_train_0264.png,0,0.0
265,sar_train_0265.png,1,3.85
266,sar_train_0266.png,0,0.0
267,sar_train_0267.png,1,3.68
268,sar_train_0268.png,0,0.0
269,sar_train_0269.png,0,0.0
270,sar_train_0270.png,0,0.0
271,sar_train_0271.png,1,1.42
272,sar_train_0272.png,1,4.05
273,sar_train_0273.png,0,0.0
274,sar_train_0274.png,1,2.08
275,sar_train_0275.png,0,0.0
276,sar_train_0276.png,0,0.0
277,sar_train_0277.png,1,1.95
278,sar_train_0278.png,1,1.01
279,sar_train_0279.png,1,2.45
280,sar_train_0280.png,0,0.0
281,sar_train_0281.png,0,0.0
282,sar_train_0282.png,0,0.0
283,sar_train_0283.png,1,1.17
284,sar_train_0284.png,0,0.0
285,sar_train_0285.png,0,0.0
286,sar_train_0286.png,0,0.0
287,sar_train_0287.png,0,0.0
288,sar_train_0288.png,1,1.65
289,sar_train_0289.png,0,0.0
290,sar_train_0290.png,1,1.88
291,sar_train_0291.png,0,0.0
292,sar_train_0292.png,0,0.0
293,sar_train_0293.png,0,0.0
294,sar_train_0294.png,0,0.0
295,sar_train_0295.png,1,3.55
296,sar_train_0296.png,0,0.0
297,sar_train_0297.png,0,0.0
298,sar_train_0298.png,1,3.78
299,sar_train_0299.png,0,0.0
300,sar_train_0300.png,1,1.83
301,sar_train_0301.png,1,3.72
302,sar_train_0302.png,0,0.0
303,sar_train_0303.png,1,3.71
304,sar_train_0304.png,1,3.4
305,sar_train_0305.png,1,1.3
306,sar_train_0306.png,1,3.15
307,sar_train_0307.png,0,0.0
308,sar_train_0308.png,1,4.01
309,sar_train_0309.png,1,3.12
310,sar_train_0310.png,0,0.0
311,sar_train_0311.png,0,0.0
312,sar_train_0312.png,1,1.93
313,sar_train_0313.png,1,2.5
314,sar_train_0314.png,1,3.0
315,sar_train_0315.png,1,2.54
316,sar_train_0316.png,0,0.0
317,sar_train_0317.png,1,1.21
318,sar_train_0318.png,1,1.86
319,sar_train_0319.png,1,3.53
320,sar_train_0320.png,1,3.73
321,sar_train_0321.png,0,0.0
322,sar_train_0322.png,1,1.27
323,sar_train_0323.png,1,4.04
324,sar_train_0324.png,0,0.0
325,sar_train_0325.png,0,0.0
326,sar_train_0326.png,1,1.92
327,sar_train_0327.png,1,3.05
328,sar_train_0328.png,1,3.36
329,sar_train_0329.png,0,0.0
330,sar_train_0330.png,1,3.56
331,sar_train_0331.png,1,4.02
332,sar_train_0332.png,0,0.0
333,sar_train_0333.png,1,1.86
334,sar_train_0334.png,0,0.0
335,sar_train_0335.png,1,3.72
336,sar_train_0336.png,1,1.25
337,sar_train_0337.png,1,3.2
338,sar_train_0338.png,1,3.32
339,sar_train_0339.png,0,0.0
340,sar_train_0340.png,0,0.0
341,sar_train_0341.png,0,0.0
342,sar_train_0342.png,0,0.0
343,sar_train_0343.png,0,0.0
344,sar_train_0344.png,1,3.1
345,sar_train_0345.png,0,0.0
346,sar_train_0346.png,1,1.66
347,sar_train_0347.png,1,3.77
348,sar_train_0348.png,1,1.37
349,sar_train_0349.png,0,0.0
350,sar_train_0350.png,1,0.98
351,sar_train_0351.png,0,0.0
352,sar_train_0352.png,1,3.24
353,sar_train_0353.png,1,2.42
354,sar_train_0354.png,1,3.69
355,sar_train_0355.png,0,0.0
356,sar_train_0356.png,1,2.1
357,sar_train_0357.png,1,1.37
358,sar_train_0358.png,0,0.0
359,sar_train_0359.png,1,3.64
360,sar_train_0360.png,0,0.0
361,sar_train_0361.png,0,0.0
362,sar_train_0362.png,0,0.0
363,sar_train_0363.png,0,0.0
364,sar_train_0364.png,0,0.0
365,sar_train_0365.png,0,0.0
366,sar_train_0366.png,1,2.67
367,sar_train_0367.png,0,0.0
368,sar_train_0368.png,1,1.44
369,sar_train_0369.png,0,0.0
370,sar_train_0370.png,1,3.25
371,sar_train_0371.png,1,2.54
372,sar_train_0372.png,1,2.85
373,sar_train_0373.png,1,2.37
374,sar_train_0374.png,1,3.62
375,sar_train_0375.png,0,0.0
376,sar_train_0376.png,0,0.0
377,sar_train_0377.png,1,3.62
378,sar_train_0378.png,0,0.0
379,sar_train_0379.png,1,3.21
380,sar_train_0380.png,0,0.0
381,sar_train_0381.png,1,1.16
382,sar_train_0382.png,0,0.0
383,sar_train_0383.png,1,3.65
384,sar_train_0384.png,1,3.08
385,sar_train_0385.png,1,3.17
386,sar_train_0386.png,0,0.0
387,sar_train_0387.png,0,0.0
388,sar_train_0388.png,0,0.0
389,sar_train_0389.png,0,0.0
390,sar_train_0390.png,1,2.03
391,sar_train_0391.png,1,3.79
392,sar_train_0392.png,1,3.27
393,sar_train_0393.png,0,0.0
394,sar_train_0394.png,1,1.18
395,sar_train_0395.png,0,0.0
396,sar_train_0396.png,1,2.19
397,sar_train_0397.png,1,3.81
398,sar_train_0398.png,1,0.96
399,sar_train_0399.png,0,0.0
400,sar_train_0400.png,1,4.07
401,sar_train_0401.png,0,0.0
402,sar_train_0402.png,0,0.0
403,sar_train_0403.png,1,3.11
404,sar_train_0404.png,0,0.0
405,sar_train_0405.png,1,2.95
406,sar_train_0406.png,0,0.0
407,sar_train_0407.png,1,1.72
408,sar_train_0408.png,1,1.65
409,sar_train_0409.png,0,0.0
410,sar_train_0410.png,1,4.0
411,sar_train_0411.png,1,1.81
412,sar_train_0412.png,1,3.44
413,sar_train_0413.png,0,0.0
414,sar_train_0414.png,1,2.14
415,sar_train_0415.png,1,1.27
416,sar_train_0416.png,0,0.0
417,sar_train_0417.png,0,0.0
418,sar_train_0418.png,1,0.84
419,sar_train_0419.png,0,0.0
420,sar_train_0420.png,0,0.0
421,sar_train_0421.png,1,2.65
422,sar_train_0422.png,0,0.0
423,sar_train_0423.png,1,4.12
424,sar_train_0424.png,0,0.0
425,sar_train_0425.png,1,2.06
426,sar_train_0426.png,1,2.01
427,sar_train_0427.png,1,1.97
428,sar_train_0428.png,0,0.0
429,sar_train_0429.png,0,0.0
430,sar_train_0430.png,0,0.0
431,sar_train_0431.png,1,2.57
432,sar_train_0432.png,1,2.3
433,sar_train_0433.png,0,0.0
434,sar_train_0434.png,1,3.79
435,sar_train_0435.png,0,0.0
436,sar_train_0436.png,1,2.52
437,sar_train_0437.png,0,0.0
438,sar_train_0438.png,1,2.53
439,sar_train_0439.png,0,0.0
440,sar_train_0440.png,1,1.27
441,sar_train_0441.png,1,4.14
442,sar_train_0442.png,0,0.0
443,sar_train_0443.png,0,0.0
444,sar_train_0444.png,1,1.65
445,sar_train_0445.png,0,0.0
446,sar_train_0446.png,1,1.05
447,sar_train_0447.png,1,3.05
448,sar_train_0448.png,1,2.82
449,sar_train_0449.png,1,2.21
450,sar_train_0450.png,0,0.0
451,sar_train_0451.png,0,0.0
452,sar_train_0452.png,1,2.24
453,sar_train_0453.png,0,0.0
454,sar_train_0454.png,0,0.0
455,sar_train_0455.png,1,3.47
456,sar_train_0456.png,0,0.0
457,sar_train_0457.png,1,1.47
458,sar_train_0458.png,1,3.59
459,sar_train_0459.png,1,3.01
460,sar_train_0460.png,0,0.0
461,sar_train_0461.png,1,2.22
462,sar_train_0462.png,0,0.0
463,sar_train_0463.png,0,0.0
464,sar_train_0464.png,1,2.36
465,sar_train_0465.png,1,1.67
466,sar_train_0466.png,1,3.36
467,sar_train_0467.png,0,0.0
468,sar_train_0468.png,0,0.0
469,sar_train_0469.png,1,2.54
470,sar_train_0470.png,1,1.89
471,sar_train_0471.png,0,0.0
472,sar_train_0472.png,0,0.0
473,sar_train_0473.png,1,2.83
474,sar_train_0474.png,1,4.19
475,sar_train_0475.png,0,0.0
476,sar_train_0476.png,1,2.28
477,sar_train_0477.png,1,3.93
478,sar_train_0478.png,1,1.97
479,sar_train_0479.png,1,0.99
480,sar_train_0480.png,0,0.0
481,sar_train_0481.png,1,1.49
482,sar_train_0482.png,0,0.0
483,sar_train_0483.png,1,2.22
484,sar_train_0484.png,0,0.0
485,sar_train_0485.png,0,0.0
486,sar_train_0486.png,0,0.0
487,sar_train_0487.png,1,1.55
488,sar_train_0488.png,1,0.8
489,sar_train_0489.png,0,0.0
490,sar_train_0490.png,1,3.91
491,sar_train_0491.png,1,3.67
492,sar_train_0492.png,0,0.0
493,sar_train_0493.png,1,3.32
494,sar_train_0494.png,1,1.37
495,sar_train_0495.png,0,0.0
496,sar_train_0496.png,1,1.21
497,sar_train_0497.png,1,1.03
498,sar_train_0498.png,0,0.0
499,sar_train_0499.png,1,3.26
500,sar_train_0500.png,0,0.0
